{
  "created_at": "2026-05-05T08:52:37Z",
  "phase": "confidence_probe_clean_baseline",
  "config": {
    "model_path": "/data/LLM/Qwen2.5-1.5B-Instruct",
    "device": "cuda:0",
    "output_dir": "outputs/confidence_probe/qwen25_15b_n20",
    "n_questions": 20,
    "max_new_tokens": 256,
    "seed": 42,
    "dataset_split": "train",
    "min_baseline_tokens": 60,
    "continuation_tokens": 8,
    "closure_tokens": 8,
    "temperature": 1.0,
    "no_viz": true,
    "fractions": [
      0.1,
      0.2,
      0.3,
      0.4,
      0.5,
      0.6,
      0.7,
      0.8
    ]
  },
  "n_total": 20,
  "n_valid": 20,
  "c_dir_diagnostics": {
    "spearman_rho": -0.5476190476190477,
    "spearman_p": 0.1600256425388966,
    "late_early_gap": -0.01823214428805578
  },
  "c_conf_diagnostics": {
    "spearman_rho": -0.28571428571428575,
    "spearman_p": 0.4927262450169573,
    "late_early_gap": 0.0021507086981980006
  },
  "e_dir_diagnostics": {
    "spearman_rho": -0.28571428571428575,
    "spearman_p": 0.4927262450169573,
    "late_early_gap": -0.013880474476039018
  },
  "curve_summary": {
    "c_dir_curve": {
      "fractions": [
        0.1,
        0.2,
        0.3,
        0.4,
        0.5,
        0.6,
        0.7,
        0.8
      ],
      "means": [
        0.14429305933909836,
        0.15394067961506566,
        0.15660130067529418,
        0.1367871142370855,
        0.1385818951618904,
        0.136963486186889,
        0.1502586011736472,
        0.11650047000321342
      ],
      "stds": [
        0.03790575791549514,
        0.044911765632292336,
        0.046812629510291734,
        0.06465213652834186,
        0.03284067951179493,
        0.04503662849140267,
        0.04818464116118672,
        0.03212404841351385
      ],
      "counts": [
        20,
        20,
        20,
        20,
        20,
        20,
        20,
        20
      ]
    },
    "c_conf_curve": {
      "fractions": [
        0.1,
        0.2,
        0.3,
        0.4,
        0.5,
        0.6,
        0.7,
        0.8
      ],
      "means": [
        0.28729256387713437,
        0.2922260846364944,
        0.2861150615675064,
        0.29718021535087064,
        0.2866910866633917,
        0.2839252918110299,
        0.2993391713658843,
        0.2820513860846018
      ],
      "stds": [
        0.05557906707609908,
        0.06493096566842398,
        0.052544408754591314,
        0.05553283260197729,
        0.0664465194479557,
        0.052482820801450066,
        0.04296556779798091,
        0.051896914046380915
      ],
      "counts": [
        20,
        20,
        20,
        20,
        20,
        20,
        20,
        20
      ]
    },
    "e_dir_curve": {
      "fractions": [
        0.1,
        0.2,
        0.3,
        0.4,
        0.5,
        0.6,
        0.7,
        0.8
      ],
      "means": [
        0.6281237152322892,
        0.6852110640441587,
        0.6726517011534657,
        0.673792726275492,
        0.6641838622455807,
        0.6668040940976228,
        0.6524944470546985,
        0.6437355909464993
      ],
      "stds": [
        0.07826209268297513,
        0.06904135449934136,
        0.08602106089060968,
        0.08395632847909415,
        0.0656888154414441,
        0.10686606493835996,
        0.11086838696125642,
        0.07885112887808839
      ],
      "counts": [
        20,
        20,
        20,
        20,
        20,
        20,
        20,
        20
      ]
    },
    "p_finalize_curve": {
      "fractions": [
        0.1,
        0.2,
        0.3,
        0.4,
        0.5,
        0.6,
        0.7,
        0.8
      ],
      "means": [
        0.2273419085355449,
        0.15609395509667373,
        0.17541018622088625,
        0.18948028854404195,
        0.18631392244411998,
        0.19772651422889104,
        0.2028095700892226,
        0.24103518300704355
      ],
      "stds": [
        0.09741936649564753,
        0.0780039897706179,
        0.10461998169611728,
        0.09346449472302074,
        0.0686627624105945,
        0.09905145614149986,
        0.11660700424783746,
        0.08855609418173543
      ],
      "counts": [
        20,
        20,
        20,
        20,
        20,
        20,
        20,
        20
      ]
    },
    "u_t_curve": {
      "fractions": [
        0.1,
        0.2,
        0.3,
        0.4,
        0.5,
        0.6,
        0.7,
        0.8
      ],
      "means": [
        -0.9266140385134222,
        -0.9037174559782238,
        -0.9310315596679105,
        -0.8770937490550803,
        -0.9354270173002182,
        -0.9437180089013756,
        -0.8589852110271092,
        -0.95062057858824
      ],
      "stds": [
        0.28972421120487324,
        0.3096157741333324,
        0.276634524379143,
        0.2798290836943036,
        0.33742252946310597,
        0.28868417563935944,
        0.2064965656493441,
        0.2717806124360866
      ],
      "counts": [
        20,
        20,
        20,
        20,
        20,
        20,
        20,
        20
      ]
    }
  },
  "legacy_closure_curve": {
    "n_total": 20,
    "n_valid": 20,
    "baseline_risk_curve": {
      "fractions": [
        0.1,
        0.2,
        0.3,
        0.4,
        0.5,
        0.6,
        0.7,
        0.8
      ],
      "means": [
        0.012691642360545988,
        0.009012123650890946,
        0.00655763280551024,
        0.00853910570727552,
        0.004451414609491938,
        0.00948809740708537,
        0.011958122104101822,
        0.012190670637103596
      ],
      "stds": [
        0.01985090261836425,
        0.011421101540347466,
        0.005313291292522646,
        0.00998153809639049,
        0.00404154876439206,
        0.00923525589700379,
        0.015336889862960152,
        0.012860091711154467
      ],
      "counts": [
        20,
        20,
        20,
        20,
        20,
        20,
        20,
        20
      ]
    },
    "baseline_risk_curve_isotonic": {
      "fractions": [
        0.1,
        0.2,
        0.3,
        0.4,
        0.5,
        0.6,
        0.7,
        0.8
      ],
      "means": [
        0.008250383826742926,
        0.008250383826742926,
        0.008250383826742926,
        0.008250383826742926,
        0.008250383826742926,
        0.00948809740708537,
        0.011958122104101822,
        0.012190670637103596
      ]
    },
    "attacked_risk_curve": {
      "fractions": [],
      "means": [],
      "stds": [],
      "counts": []
    },
    "delta_risk_curve": {
      "fractions": [],
      "means": [],
      "stds": [],
      "counts": []
    },
    "mean_delta_risk": null
  },
  "legacy_diagnostics": {
    "progress_risk_spearman": {
      "rho": 0.07497448065435126,
      "p": 0.346063813769348
    },
    "late_early_gap": 0.0026539300982869884,
    "n_points": 160
  }
}
