{
  "config": {
    "model_path": "/data/LLM/Qwen2.5-1.5B-Instruct",
    "device": "cuda:0",
    "n_questions": 2,
    "max_new_tokens": 96,
    "seed": 42,
    "fractions": [
      0.2,
      0.4,
      0.6
    ],
    "min_baseline_tokens": 20,
    "continuation_tokens": 8,
    "closure_tokens": 8
  },
  "phase": "closure_validation_phase0_phase1",
  "baseline_reference_quality": {
    "n_total": 2,
    "n_valid": 2,
    "invalid_reasons": {}
  },
  "baseline_curve": {
    "n_total": 2,
    "n_valid": 2,
    "baseline_risk_curve": {
      "fractions": [
        0.2,
        0.4,
        0.6
      ],
      "means": [
        0.05031585286318922,
        0.004170774093611718,
        0.0010321186443886553
      ],
      "stds": [
        0.04419457157246069,
        0.0014821021751393638,
        0.0007851644720611768
      ],
      "counts": [
        2,
        2,
        2
      ]
    },
    "baseline_risk_curve_isotonic": {
      "fractions": [
        0.2,
        0.4,
        0.6
      ],
      "means": [
        0.018506248533729865,
        0.018506248533729865,
        0.018506248533729865
      ]
    },
    "attacked_risk_curve": {
      "fractions": [],
      "means": [],
      "stds": [],
      "counts": []
    },
    "delta_risk_curve": {
      "fractions": [],
      "means": [],
      "stds": [],
      "counts": []
    },
    "mean_delta_risk": null
  },
  "calibration": {
    "description": "Positive curve_shift means attacked suffix lowers closure risk relative to clean baseline.",
    "curve_shift_vs_length_ratio": {
      "pearson_r": null,
      "pearson_p": null,
      "spearman_rho": null,
      "spearman_p": null
    }
  },
  "conditions": [
    {
      "condition": "baseline",
      "suffix": "",
      "curve": {
        "n_total": 2,
        "n_valid": 2,
        "baseline_risk_curve": {
          "fractions": [
            0.2,
            0.4,
            0.6
          ],
          "means": [
            0.05031585286318922,
            0.004170774093611718,
            0.0010321186443886553
          ],
          "stds": [
            0.04419457157246069,
            0.0014821021751393638,
            0.0007851644720611768
          ],
          "counts": [
            2,
            2,
            2
          ]
        },
        "baseline_risk_curve_isotonic": {
          "fractions": [
            0.2,
            0.4,
            0.6
          ],
          "means": [
            0.018506248533729865,
            0.018506248533729865,
            0.018506248533729865
          ]
        },
        "attacked_risk_curve": {
          "fractions": [],
          "means": [],
          "stds": [],
          "counts": []
        },
        "delta_risk_curve": {
          "fractions": [],
          "means": [],
          "stds": [],
          "counts": []
        },
        "mean_delta_risk": null
      },
      "length_ratio": {
        "count": 2,
        "mean": 1.0,
        "median": 1.0,
        "std": 0.0,
        "p25": 1.0,
        "p75": 1.0
      },
      "examples": [
        {
          "condition": "baseline",
          "id": "gsm8k_train_0",
          "baseline_length": 96,
          "attacked_length": 96,
          "length_ratio": 1.0,
          "mean_delta_risk": 0.0,
          "mean_delta_margin": 0.0,
          "baseline_correct": false,
          "attacked_correct": false,
          "latency_sec": 3.545246182999108,
          "tokens_per_sec": 27.0785144513684
        },
        {
          "condition": "baseline",
          "id": "gsm8k_train_1",
          "baseline_length": 96,
          "attacked_length": 96,
          "length_ratio": 1.0,
          "mean_delta_risk": 0.0,
          "mean_delta_margin": 0.0,
          "baseline_correct": false,
          "attacked_correct": false,
          "latency_sec": 2.6527243870077655,
          "tokens_per_sec": 36.189210032590914
        }
      ]
    },
    {
      "condition": "verbosity_1_light",
      "suffix": "Please provide a slightly more careful reasoning before giving the final answer.",
      "curve": {
        "n_total": 2,
        "n_valid": 2,
        "baseline_risk_curve": {
          "fractions": [
            0.2,
            0.4,
            0.6
          ],
          "means": [
            0.05031585286318922,
            0.004170774093611718,
            0.0010321186443886553
          ],
          "stds": [
            0.04419457157246069,
            0.0014821021751393638,
            0.0007851644720611768
          ],
          "counts": [
            2,
            2,
            2
          ]
        },
        "baseline_risk_curve_isotonic": {
          "fractions": [
            0.2,
            0.4,
            0.6
          ],
          "means": [
            0.018506248533729865,
            0.018506248533729865,
            0.018506248533729865
          ]
        },
        "attacked_risk_curve": {
          "fractions": [
            0.2,
            0.4,
            0.6
          ],
          "means": [
            0.05441566155750225,
            0.004504331963342276,
            0.0009994404385948496
          ],
          "stds": [
            0.047709813629173634,
            0.0014528218004073604,
            0.000736458993312091
          ],
          "counts": [
            2,
            2,
            2
          ]
        },
        "delta_risk_curve": {
          "fractions": [
            0.2,
            0.4,
            0.6
          ],
          "means": [
            0.004099808694313029,
            0.00033355786973055814,
            -3.267820579380573e-05
          ],
          "stds": [
            0.0035152420567129464,
            2.9280374732003475e-05,
            4.87054787490858e-05
          ],
          "counts": [
            2,
            2,
            2
          ]
        },
        "mean_delta_risk": 0.0014668961194165937
      },
      "length_ratio": {
        "count": 2,
        "mean": 1.0,
        "median": 1.0,
        "std": 0.0,
        "p25": 1.0,
        "p75": 1.0
      },
      "examples": [
        {
          "condition": "verbosity_1_light",
          "id": "gsm8k_train_0",
          "baseline_length": 96,
          "attacked_length": 96,
          "length_ratio": 1.0,
          "mean_delta_risk": 0.0003211440516726415,
          "mean_delta_margin": 0.09388224283854167,
          "baseline_correct": false,
          "attacked_correct": false,
          "latency_sec": 2.6397487340145744,
          "tokens_per_sec": 36.36709765705677
        },
        {
          "condition": "verbosity_1_light",
          "id": "gsm8k_train_1",
          "baseline_length": 96,
          "attacked_length": 96,
          "length_ratio": 1.0,
          "mean_delta_risk": 0.002612648187160546,
          "mean_delta_margin": 0.030924479166666668,
          "baseline_correct": false,
          "attacked_correct": false,
          "latency_sec": 2.63338004500838,
          "tokens_per_sec": 36.45504954059698
        }
      ]
    },
    {
      "condition": "verbosity_2_medium",
      "suffix": "Please reason carefully, verify the intermediate steps, and then give the final answer.",
      "curve": {
        "n_total": 2,
        "n_valid": 2,
        "baseline_risk_curve": {
          "fractions": [
            0.2,
            0.4,
            0.6
          ],
          "means": [
            0.05031585286318922,
            0.004170774093611718,
            0.0010321186443886553
          ],
          "stds": [
            0.04419457157246069,
            0.0014821021751393638,
            0.0007851644720611768
          ],
          "counts": [
            2,
            2,
            2
          ]
        },
        "baseline_risk_curve_isotonic": {
          "fractions": [
            0.2,
            0.4,
            0.6
          ],
          "means": [
            0.018506248533729865,
            0.018506248533729865,
            0.018506248533729865
          ]
        },