{
  "created_at": "2026-05-05T08:47:10Z",
  "phase": "confidence_probe_clean_baseline",
  "config": {
    "model_path": "/data/LLM/Qwen2.5-1.5B-Instruct",
    "device": "cuda:0",
    "output_dir": "outputs/confidence_probe/smoke_qwen25_15b",
    "n_questions": 2,
    "max_new_tokens": 256,
    "seed": 42,
    "dataset_split": "train",
    "min_baseline_tokens": 80,
    "continuation_tokens": 8,
    "closure_tokens": 8,
    "temperature": 1.0,
    "no_viz": true,
    "fractions": [
      0.1,
      0.2,
      0.3,
      0.4,
      0.5,
      0.6,
      0.7,
      0.8
    ]
  },
  "n_total": 2,
  "n_valid": 2,
  "c_dir_diagnostics": {
    "spearman_rho": -0.3333333333333334,
    "spearman_p": 0.4197530864197531,
    "late_early_gap": -0.02081544502285121
  },
  "c_conf_diagnostics": {
    "spearman_rho": 0.07142857142857144,
    "spearman_p": 0.8665262706759088,
    "late_early_gap": 0.0034476410927248846
  },
  "e_dir_diagnostics": {
    "spearman_rho": 0.6190476190476191,
    "spearman_p": 0.1017330374542646,
    "late_early_gap": 0.11237426396687522
  },
  "curve_summary": {
    "c_dir_curve": {
      "fractions": [
        0.1,
        0.2,
        0.3,
        0.4,
        0.5,
        0.6,
        0.7,
        0.8
      ],
      "means": [
        0.14852118192678543,
        0.21592728709007236,
        0.15155281329843578,
        0.22214793824562112,
        0.15003583607610482,
        0.09562426400249396,
        0.20272709195633976,
        0.09964287287482015
      ],
      "stds": [
        0.04894941820663512,
        0.026703823301285512,
        0.023924985918344632,
        0.12049999398273042,
        0.009145218405402833,
        0.031416730143696225,
        0.08028106088942233,
        0.006228998887881254
      ],
      "counts": [
        2,
        2,
        2,
        2,
        2,
        2,
        2,
        2
      ]
    },
    "c_conf_curve": {
      "fractions": [
        0.1,
        0.2,
        0.3,
        0.4,
        0.5,
        0.6,
        0.7,
        0.8
      ],
      "means": [
        0.2675956956376413,
        0.314137657034704,
        0.3088197496320546,
        0.3310884551844498,
        0.3424207823746673,
        0.2985720958446444,
        0.2865065957800639,
        0.31409075460831914
      ],
      "stds": [
        0.009147563346313475,
        0.044747248746887736,
        0.006182969522869924,
        0.008756814397212875,
        0.10995817165212163,
        0.026378876628780665,
        0.026962904601793097,
        0.04379120149492985
      ],
      "counts": [
        2,
        2,
        2,
        2,
        2,
        2,
        2,
        2
      ]
    },
    "e_dir_curve": {
      "fractions": [
        0.1,
        0.2,
        0.3,
        0.4,
        0.5,
        0.6,
        0.7,
        0.8
      ],
      "means": [
        0.6292733049562542,
        0.7089330740929364,
        0.6255650458552954,
        0.7534035130431287,
        0.7214321730790891,
        0.6866135658765196,
        0.7900295993372892,
        0.7438998785327853
      ],
      "stds": [
        0.013747157587541303,
        0.03859810875083258,
        0.025535795278185724,
        0.07906987524493309,
        0.05777639946128743,
        0.12752356861742004,
        0.0901070821698613,
        0.014436976794242107
      ],
      "counts": [
        2,
        2,
        2,
        2,
        2,
        2,
        2,
        2
      ]
    },
    "p_finalize_curve": {
      "fractions": [
        0.1,
        0.2,
        0.3,
        0.4,
        0.5,
        0.6,
        0.7,
        0.8
      ],
      "means": [
        0.21026105092914343,
        0.08019800861898586,
        0.20508520874124717,
        0.056064344129311675,
        0.1259903265410908,
        0.2247212487491803,
        0.046464462653452346,
        0.14785558510754498
      ],
      "stds": [
        0.07286644562673533,
        0.004315407693659096,
        0.054108319604360605,
        0.029346118987503864,
        0.04832358062754386,
        0.09936327820668066,
        0.0014205652946430412,
        0.017128990827782326
      ],
      "counts": [
        2,
        2,
        2,
        2,
        2,
        2,
        2,
        2
      ]
    },
    "u_t_curve": {
      "fractions": [
        0.1,
        0.2,
        0.3,
        0.4,
        0.5,
        0.6,
        0.7,
        0.8
      ],
      "means": [
        -1.0073620672767127,
        -0.7889624190208866,
        -0.8058033253421057,
        -0.7035304448622708,
        -0.6927605496478098,
        -0.8573172138364562,
        -0.9161450792667161,
        -0.7888361292640624
      ],
      "stds": [
        0.046688016523633635,
        0.2087551644327621,
        0.02896972768322348,
        0.039546621850654606,
        0.501697246299063,
        0.12620620925111492,
        0.13219649522457466,
        0.20426717395000704
      ],
      "counts": [
        2,
        2,
        2,
        2,
        2,
        2,
        2,
        2
      ]
    }
  },
  "legacy_closure_curve": {
    "n_total": 2,
    "n_valid": 2,
    "baseline_risk_curve": {
      "fractions": [
        0.1,
        0.2,
        0.3,
        0.4,
        0.5,
        0.6,
        0.7,
        0.8
      ],
      "means": [
        0.04052260139170626,
        0.010466198139019127,
        0.0016401879046356433,
        0.01141478635916865,
        0.004015577148077045,
        0.00551612132608945,
        0.02215952718762718,
        0.012262911061779704
      ],
      "stds": [
        0.039259412072386736,
        0.008223110287729955,
        0.0013788162321059423,
        0.009913295300923386,
        0.0031787216779730295,
        0.004270120246099872,
        0.020403201460872683,
        0.011974723650850536
      ],
      "counts": [
        2,
        2,
        2,
        2,
        2,
        2,
        2,
        2
      ]
    },
    "baseline_risk_curve_isotonic": {
      "fractions": [
        0.1,
        0.2,
        0.3,
        0.4,
        0.5,
        0.6,
        0.7,
        0.8
      ],
      "means": [
        0.012262578711449363,
        0.012262578711449363,
        0.012262578711449363,
        0.012262578711449363,
        0.012262578711449363,
        0.012262578711449363,
        0.017211219124703442,
        0.017211219124703442
      ]
    },
    "attacked_risk_curve": {
      "fractions": [],
      "means": [],
      "stds": [],
      "counts": []
    },
    "delta_risk_curve": {
      "fractions": [],
      "means": [],
      "stds": [],
      "counts": []
    },
    "mean_delta_risk": null
  },
  "legacy_diagnostics": {
    "progress_risk_spearman": {
      "rho": -0.04733810683311509,
      "p": 0.86179555020213
    },
    "late_early_gap": -0.0003317766870835695,
    "n_points": 16
  }
}
