{
  "config": {
    "n_questions_loaded": 3,
    "n_valid_analyzed": 2,
    "max_new_tokens": 768,
    "fractions": [
      0.2,
      0.4,
      0.6,
      0.8
    ]
  },
  "clean": {
    "selected_ids": [
      "gsm8k_train_0",
      "gsm8k_train_2"
    ],
    "baseline_margin_progress_spearman": [
      0.19518001458970666,
      0.6432255386372303
    ],
    "baseline_risk_progress_spearman": [
      0.19518001458970666,
      0.6432255386372303
    ],
    "baseline_margin_late_early_gap": 1.4564399719238281,
    "baseline_risk_late_early_gap": 0.018708214098804483
  },
  "correlations": {
    "risk_mean_shift": {
      "n": 14,
      "pearson_r": -0.5152662307065174,
      "pearson_p": 0.05933860484997821,
      "spearman_rho": -0.44493500003769654,
      "spearman_p": 0.11089840095044391
    },
    "risk_late_shift": {
      "n": 14,
      "pearson_r": -0.5424445223952672,
      "pearson_p": 0.04505923026122571,
      "spearman_rho": -0.44273235152265833,
      "spearman_p": 0.11288929799404024
    },
    "margin_mean_shift": {
      "n": 14,
      "pearson_r": -0.44262204910206226,
      "pearson_p": 0.11298963432303767,
      "spearman_rho": -0.25991252477449595,
      "spearman_p": 0.3695066172756315
    },
    "margin_late_shift": {
      "n": 14,
      "pearson_r": -0.47021797167981205,
      "pearson_p": 0.08974723747024912,
      "spearman_rho": -0.39647673270685824,
      "spearman_p": 0.16047182919238434
    },
    "weighted_margin_auc": {
      "n": 14,
      "pearson_r": -0.48293845704289595,
      "pearson_p": 0.08025017306652305,
      "spearman_rho": -0.39647673270685824,
      "spearman_p": 0.16047182919238434
    }
  },
  "rows": [
    {
      "id": "gsm8k_train_0",
      "condition": "verbosity_1_light",
      "family": "verbosity",
      "target_tau": 1.3,
      "baseline_length": 225,
      "attacked_length": 227,
      "length_ratio": 1.008888888888889,
      "risk_mean_shift": -0.002595159529962375,
      "risk_late_shift": -0.002447265582555754,
      "margin_mean_shift": -0.06430435180664062,
      "margin_late_shift": -0.04828643798828125,
      "weighted_margin_auc": -0.03251571655273437,
      "latency_sec": 5.661002613953315
    },
    {
      "id": "gsm8k_train_2",
      "condition": "verbosity_1_light",
      "family": "verbosity",
      "target_tau": 1.3,
      "baseline_length": 692,
      "attacked_length": 500,
      "length_ratio": 0.7225433526011561,
      "risk_mean_shift": 0.0005603321239409976,
      "risk_late_shift": 0.0012601257812054891,
      "margin_mean_shift": -0.00201416015625,
      "margin_late_shift": 0.0478515625,
      "weighted_margin_auc": 0.014941406250000002,
      "latency_sec": 12.46721744199749
    },
    {
      "id": "gsm8k_train_0",
      "condition": "verbosity_2_medium",
      "family": "verbosity",
      "target_tau": 2.0,
      "baseline_length": 225,
      "attacked_length": 225,
      "length_ratio": 1.0,
      "risk_mean_shift": -0.0003749594816794379,
      "risk_late_shift": -0.0019596114726498914,
      "margin_mean_shift": -0.0024051666259765625,
      "margin_late_shift": -0.023609161376953125,
      "weighted_margin_auc": -0.007229232788085936,
      "latency_sec": 5.60341740201693
    },
    {
      "id": "gsm8k_train_2",
      "condition": "verbosity_2_medium",
      "family": "verbosity",
      "target_tau": 2.0,
      "baseline_length": 692,
      "attacked_length": 363,
      "length_ratio": 0.5245664739884393,
      "risk_mean_shift": 0.00025895751415381185,
      "risk_late_shift": 0.0006324269948798384,
      "margin_mean_shift": -0.00396728515625,
      "margin_late_shift": 0.0244140625,
      "weighted_margin_auc": 0.008544921875,
      "latency_sec": 9.060311409994029
    },
    {
      "id": "gsm8k_train_0",
      "condition": "verbosity_3_strong",
      "family": "verbosity",
      "target_tau": 3.0,
      "baseline_length": 225,
      "attacked_length": 451,
      "length_ratio": 2.0044444444444443,
      "risk_mean_shift": -0.0009441492610524358,
      "risk_late_shift": -0.003800988437795902,
      "margin_mean_shift": -0.02435302734375,
      "margin_late_shift": -0.0797119140625,
      "weighted_margin_auc": -0.03228759765625,
      "latency_sec": 11.254825078998692
    },
    {
      "id": "gsm8k_train_2",
      "condition": "verbosity_3_strong",
      "family": "verbosity",
      "target_tau": 3.0,
      "baseline_length": 692,
      "attacked_length": 562,
      "length_ratio": 0.8121387283236994,
      "risk_mean_shift": 0.0013837275643624688,
      "risk_late_shift": 0.0029592675704893405,
      "margin_mean_shift": 0.042724609375,
      "margin_late_shift": 0.1416015625,
      "weighted_margin_auc": 0.04990234375,
      "latency_sec": 14.024132836028002
    },
    {
      "id": "gsm8k_train_0",
      "condition": "careful_double_check",
      "family": "deliberation",
      "target_tau": 1.3,
      "baseline_length": 225,
      "attacked_length": 224,
      "length_ratio": 0.9955555555555555,
      "risk_mean_shift": -0.003965818052612066,
      "risk_late_shift": -0.007411253602714288,
      "margin_mean_shift": -0.08207321166992188,
      "margin_late_shift": -0.13436126708984375,
      "weighted_margin_auc": -0.057422637939453125,
      "latency_sec": 5.578205286001321
    },
    {
      "id": "gsm8k_train_2",
      "condition": "careful_double_check",
      "family": "deliberation",
      "target_tau": 1.3,
      "baseline_length": 692,
      "attacked_length": 626,
      "length_ratio": 0.9046242774566474,
      "risk_mean_shift": 0.00036880796064658644,
      "risk_late_shift": 0.0008402221158242146,
      "margin_mean_shift": 0.0111083984375,
      "margin_late_shift": 0.0400390625,
      "weighted_margin_auc": 0.0162353515625,
      "latency_sec": 15.607843490026426
    },
    {
      "id": "gsm8k_train_0",
      "condition": "two_path_reflection",
      "family": "deliberation",
      "target_tau": 2.0,
      "baseline_length": 225,
      "attacked_length": 429,
      "length_ratio": 1.9066666666666667,
      "risk_mean_shift": -0.008149411014511686,
      "risk_late_shift": -0.009365155011470415,
      "margin_mean_shift": -0.16410064697265625,
      "margin_late_shift": -0.1472930908203125,
      "weighted_margin_auc": -0.07990570068359375,
      "latency_sec": 10.679556065006182
    },
    {
      "id": "gsm8k_train_2",
      "condition": "two_path_reflection",
      "family": "deliberation",
      "target_tau": 2.0,
      "baseline_length": 692,
      "attacked_length": 694,
      "length_ratio": 1.0028901734104045,
      "risk_mean_shift": 0.000738493658935818,
      "risk_late_shift": 0.0016434470729934031,
      "margin_mean_shift": 0.01611328125,
      "margin_late_shift": 0.0888671875,
      "weighted_margin_auc": 0.026171875,
      "latency_sec": 17.301987632003147
    },
    {
      "id": "gsm8k_train_0",
      "condition": "uncertainty_maintenance",
      "family": "deliberation",
      "target_tau": 3.0,
      "baseline_length": 225,
      "attacked_length": 225,
      "length_ratio": 1.0,
      "risk_mean_shift": -0.003417525742843306,
      "risk_late_shift": -0.005638225749448812,
      "margin_mean_shift": -0.07819557189941406,
      "margin_late_shift": -0.10585403442382812,
      "weighted_margin_auc": -0.05214195251464844,
      "latency_sec": 5.632091791019775
    },
    {
      "id": "gsm8k_train_2",
      "condition": "uncertainty_maintenance",
      "family": "deliberation",
      "target_tau": 3.0,
      "baseline_length": 692,
      "attacked_length": 457,
      "length_ratio": 0.6604046242774566,
      "risk_mean_shift": -0.00035947988333000604,
      "risk_late_shift": -0.0006109090622039527,
      "margin_mean_shift": -0.0411376953125,
      "margin_late_shift": -0.0263671875,
      "weighted_margin_auc": -0.01767578125,
      "latency_sec": 11.384626685990952
    },
    {
      "id": "gsm8k_train_0",
      "condition": "micro_step_deliberation",
      "family": "deliberation",
      "target_tau": 2.0,